2026-01-05,Monday,9,Kondapalli Fort,Andhra Pradesh,Fort,16.619,80.5397,27.2,4.9,0,0,55,0,72,High,0
2026-01-05,Monday,11,Kondapalli Fort,Andhra Pradesh,Fort,16.619,80.5397,29.9,20.7,0,0,55,0,76,High,0
2026-01-05,Monday,13,Kondapalli Fort,Andhra Pradesh,Fort,16.619,80.5397,27.3,3.3,0,0,55,0,46,Low,1
2026-01-05,Monday,15,Kondapalli Fort,Andhra Pradesh,Fort,16.619,80.5397,30.1,25.1,0,0,55,0,46,Low,1
2026-01-05,Monday,17,Kondapalli Fort,Andhra Pradesh,Fort,16.619,80.5397,31.3,14.7,0,0,55,0,52,Medium,0
2026-01-05,Monday,9,Borra Caves,Andhra Pradesh,Cave,18.28,83.05,32.8,26.6,0,0,38,0,47,Low,0
2026-01-05,Monday,11,Borra Caves,Andhra Pradesh,Cave,18.28,83.05,26.4,14.8,0,0,38,0,53,Medium,0
2026-01-05,Monday,13,Borra Caves,Andhra Pradesh,Cave,18.28,83.05,33.9,3.6,0,0,38,0,32,Low,0
2026-01-05,Monday,15,Borra Caves,Andhra Pradesh,Cave,18.28,83.05,28.4,12.6,0,0,38,0,17,Very Low,1
2026-01-05,Monday,17,Borra Caves,Andhra Pradesh,Cave,18.28,83.05,25.4,16.1,0,0,38,0,44,Low,0
2026-01-05,Monday,9,Araku Valley,Andhra Pradesh,Hill Station,18.3273,82.8775,26.1,32.3,0,0,35,0,48,Low,0
2026-01-05,Monday,11,Araku Valley,Andhra Pradesh,Hill Station,18.3273,82.8775,30.7,31.0,0,0,35,0,52,Medium,0
2026-01-05,Monday,13,Araku Valley,Andhra Pradesh,Hill Station,18.3273,82.8775,30.3,6.7,0,0,35,0,34,Low,0
2026-01-05,Monday,15,Araku Valley,Andhra Pradesh,Hill Station,18.3273,82.8775,32.0,34.5,0,0,35,0,21,Very Low,1
2026-01-05,Monday,17,Araku Valley,Andhra Pradesh,Hill Station,18.3273,82.8775,32.7,30.3,0,0,35,0,32,Low,0
2026-01-05,Monday,9,Undavalli Caves,Andhra Pradesh,Cave,16.4957,80.581,32.5,5.7,0,0,58,0,71,High,0
2026-01-05,Monday,11,Undavalli Caves,Andhra Pradesh,Cave,16.4957,80.581,28.2,23.5,0,0,58,0,70,Medium,0
2026-01-05,Monday,13,Undavalli Caves,Andhra Pradesh,Cave,16.4957,80.581,27.6,22.2,0,0,58,0,38,Low,0
2026-01-05,Monday,15,Undavalli Caves,Andhra Pradesh,Cave,16.4957,80.581,29.8,8.6,0,0,58,0,35,Low,1
2026-01-05,Monday,17,Undavalli Caves,Andhra Pradesh,Cave,16.4957,80.581,33.3,24.1,0,0,58,0,61,Medium,0
2026-01-05,Monday,9,Amaravati Stupa,Andhra Pradesh,Heritage,16.572,80.3575,27.0,11.3,0,0,43,0,51,Medium,0
2026-01-05,Monday,11,Amaravati Stupa,Andhra Pradesh,Heritage,16.572,80.3575,32.4,28.2,0,0,43,0,56,Medium,0
2026-01-05,Monday,13,Amaravati Stupa,Andhra Pradesh,Heritage,16.572,80.3575,30.6,2.3,0,0,43,0,40,Low,0
2026-01-05,Monday,15,Amaravati Stupa,Andhra Pradesh,Heritage,16.572,80.3575,31.5,7.4,0,0,43,0,21,Very Low,1
2026-01-05,Monday,17,Amaravati Stupa,Andhra Pradesh,Heritage,16.572,80.3575,29.5,31.0,0,0,43,0,43,Low,0
2026-01-06,Tuesday,9,Kondapalli Fort,Andhra Pradesh,Fort,16.619,80.5397,26.3,26.1,0,0,55,0,60,Medium,0
2026-01-06,Tuesday,11,Kondapalli Fort,Andhra Pradesh,Fort,16.619,80.5397,29.9,26.1,0,0,55,0,62,Medium,0
2026-01-06,Tuesday,13,Kondapalli Fort,Andhra Pradesh,Fort,16.619,80.5397,30.3,34.9,0,0,55,0,49,Low,0
2026-01-06,Tuesday,15,Kondapalli Fort,Andhra Pradesh,Fort,16.619,80.5397,26.2,17.3,0,0,55,0,37,Low,1
2026-01-06,Tuesday,17,Kondapalli Fort,Andhra Pradesh,Fort,16.619,80.5397,26.4,5.6,0,0,55,0,44,Low,0
2026-01-06,Tuesday,9,Borra Caves,Andhra Pradesh,Cave,18.28,83.05,31.1,20.9,0,0,38,0,39,Low,0
2026-01-06,Tuesday,11,Borra Caves,Andhra Pradesh,Cave,18.28,83.05,29.2,8.8,0,0,38,0,59,Medium,0
2026-01-06,Tuesday,13,Borra Caves,Andhra Pradesh,Cave,18.28,83.05,32.0,33.0,0,0,38,0,27,Very Low,0
2026-01-06,Tuesday,15,Borra Caves,Andhra Pradesh,Cave,18.28,83.05,33.0,26.3,0,0,38,0,17,Very Low,1
2026-01-06,Tuesday,17,Borra Caves,Andhra Pradesh,Cave,18.28,83.05,31.9,11.9,0,0,38,0,39,Low,0
2026-01-06,Tuesday,9,Araku Valley,Andhra Pradesh,Hill Station,18.3273,82.8775,25.0,25.3,0,0,35,0,46,Low,0
2026-01-06,Tuesday,11,Araku Valley,Andhra Pradesh,Hill Station,18.3273,82.8775,31.5,34.0,0,0,35,0,50,Low,0
2026-01-06,Tuesday,13,Araku Valley,Andhra Pradesh,Hill Station,18.3273,82.8775,28.0,21.9,0,0,35,0,17,Very Low,1
2026-01-06,Tuesday,15,Araku Valley,Andhra Pradesh,Hill Station,18.3273,82.8775,32.6,17.8,0,0,35,0,19,Very Low,0
2026-01-06,Tuesday,17,Araku Valley,Andhra Pradesh,Hill Station,18.3273,82.8775,26.5,33.4,0,0,35,0,43,Low,0
2026-01-06,Tuesday,9,Undavalli Caves,Andhra Pradesh,Cave,16.4957,80.581,33.3,32.1,0,0,58,0,60,Medium,0
2026-01-06,Tuesday,11,Undavalli Caves,Andhra Pradesh,Cave,16.4957,80.581,26.0,12.7,0,0,58,0,69,Medium,0
2026-01-06,Tuesday,13,Undavalli Caves,Andhra Pradesh,Cave,16.4957,80.581,35.9,28.2,0,0,58,0,48,Low,0
2026-01-06,Tuesday,15,Undavalli Caves,Andhra Pradesh,Cave,16.4957,80.581,30.1,2.8,0,0,58,0,45,Low,1
2026-01-06,Tuesday,17,Undavalli Caves,Andhra Pradesh,Cave,16.4957,80.581,31.6,28.6,0,0,58,0,68,Medium,0
2026-01-06,Tuesday,9,Amaravati Stupa,Andhra Pradesh,Heritage,16.572,80.3575,26.1,23.1,0,0,43,0,50,Low,0
2026-01-06,Tuesday,11,Amaravati Stupa,Andhra Pradesh,Heritage,16.572,80.3575,33.5,5.8,0,0,43,0,49,Low,0
2026-01-06,Tuesday,13,Amaravati Stupa,Andhra Pradesh,Heritage,16.572,80.3575,35.7,32.5,0,0,43,0,32,Low,0
2026-01-06,Tuesday,15,Amaravati Stupa,Andhra Pradesh,Heritage,16.572,80.3575,31.8,24.1,0,0,43,0,24,Very Low,1
2026-01-06,Tuesday,17,Amaravati Stupa,Andhra Pradesh,Heritage,16.572,80.3575,31.0,13.1,0,0,43,0,39,Low,0
2026-01-07,Wednesday,9,Kondapalli Fort,Andhra Pradesh,Fort,16.619,80.5397,33.1,15.8,0,0,55,0,63,Medium,0
2026-01-07,Wednesday,11,Kondapalli Fort,Andhra Pradesh,Fort,16.619,80.5397,25.2,19.4,0,0,55,0,72,High,0
2026-01-07,Wednesday,13,Kondapalli Fort,Andhra Pradesh,Fort,16.619,80.5397,32.3,0.3,0,0,55,0,45,Low,0
2026-01-07,Wednesday,15,Kondapalli Fort,Andhra Pradesh,Fort,16.619,80.5397,25.6,1.1,0,0,55,0,35,Low,1
2026-01-07,Wednesday,17,Kondapalli Fort,Andhra Pradesh,Fort,16.619,80.5397,28.0,18.0,0,0,55,0,56,Medium,0
2026-01-07,Wednesday,9,Borra Caves,Andhra Pradesh,Cave,18.28,83.05,29.9,25.3,0,0,38,0,53,Medium,0
2026-01-07,Wednesday,11,Borra Caves,Andhra Pradesh,Cave,18.28,83.05,32.9,20.2,0,0,38,0,53,Medium,0
2026-01-07,Wednesday,13,Borra Caves,Andhra Pradesh,Cave,18.28,83.05,30.7,3.3,0,0,38,0,35,Low,0
2026-01-07,Wednesday,15,Borra Caves,Andhra Pradesh,Cave,18.28,83.05,30.9,12.4,0,0,38,0,9,Very Low,1
2026-01-07,Wednesday,17,Borra Caves,Andhra Pradesh,Cave,18.28,83.05,25.5,22.9,0,0,38,0,47,Low,0
2026-01-07,Wednesday,9,Araku Valley,Andhra Pradesh,Hill Station,18.3273,82.8775,30.8,2.1,0,0,35,0,42,Low,0
2026-01-07,Wednesday,11,Araku Valley,Andhra Pradesh,Hill Station,18.3273,82.8775,26.0,6.7,0,0,35,0,38,Low,0
2026-01-07,Wednesday,13,Araku Valley,Andhra Pradesh,Hill Station,18.3273,82.8775,31.8,4.9,0,0,35,0,28,Very Low,0
2026-01-07,Wednesday,15,Araku Valley,Andhra Pradesh,Hill Station,18.3273,82.8775,32.9,2.6,0,0,35,0,24,Very Low,1
2026-01-07,Wednesday,17,Araku Valley,Andhra Pradesh,Hill Station,18.3273,82.8775,32.3,30.0,0,0,35,0,45,Low,0
2026-01-07,Wednesday,9,Undavalli Caves,Andhra Pradesh,Cave,16.4957,80.581,29.9,0.5,0,0,58,0,71,High,0
2026-01-07,Wednesday,11,Undavalli Caves,Andhra Pradesh,Cave,16.4957,80.581,25.8,26.4,0,0,58,0,73,High,0
2026-01-07,Wednesday,13,Undavalli Caves,Andhra Pradesh,Cave,16.4957,80.581,31.3,30.3,0,0,58,0,55,Medium,0
2026-01-07,Wednesday,15,Undavalli Caves,Andhra Pradesh,Cave,16.4957,80.581,33.1,5.8,0,0,58,0,46,Low,1
2026-01-07,Wednesday,17,Undavalli Caves,Andhra Pradesh,Cave,16.4957,80.581,33.3,27.5,0,0,58,0,60,Medium,0
2026-01-07,Wednesday,9,Amaravati Stupa,Andhra Pradesh,Heritage,16.572,80.3575,27.6,24.4,0,0,43,0,50,Low,0
2026-01-07,Wednesday,11,Amaravati Stupa,Andhra Pradesh,Heritage,16.572,80.3575,31.0,17.0,0,0,43,0,46,Low,0
2026-01-07,Wednesday,13,Amaravati Stupa,Andhra Pradesh,Heritage,16.572,80.3575,28.7,7.6,0,0,43,0,43,Low,0
2026-01-07,Wednesday,15,Amaravati Stupa,Andhra Pradesh,Heritage,16.572,80.3575,25.5,11.0,0,0,43,0,29,Very Low,1
2026-01-07,Wednesday,17,Amaravati Stupa,Andhra Pradesh,Heritage,16.572,80.3575,25.5,16.7,0,0,43,0,52,Medium,0
2026-01-08,Thursday,9,Kondapalli Fort,Andhra Pradesh,Fort,16.619,80.5397,25.5,17.8,0,0,55,0,59,Medium,0
2026-01-08,Thursday,11,Kondapalli Fort,Andhra Pradesh,Fort,16.619,80.5397,32.7,2.4,0,0,55,0,82,High,0
2026-01-08,Thursday,13,Kondapalli Fort,Andhra Pradesh,Fort,16.619,80.5397,30.6,33.0,0,0,55,0,50,Low,0
2026-01-08,Thursday,15,Kondapalli Fort,Andhra Pradesh,Fort,16.619,80.5397,30.1,20.3,0,0,55,0,39,Low,1
2026-01-08,Thursday,17,Kondapalli Fort,Andhra Pradesh,Fort,16.619,80.5397,30.9,19.8,0,0,55,0,57,Medium,0
2026-01-08,Thursday,9,Borra Caves,Andhra Pradesh,Cave,18.28,83.05,27.8,9.1,0,0,38,0,44,Low,0
2026-01-08,Thursday,11,Borra Caves,Andhra Pradesh,Cave,18.28,83.05,27.4,4.6,0,0,38,0,48,Low,0
2026-01-08,Thursday,13,Borra Caves,Andhra Pradesh,Cave,18.28,83.05,32.8,16.0,0,0,38,0,42,Low,0
2026-01-08,Thursday,15,Borra Caves,Andhra Pradesh,Cave,18.28,83.05,25.1,21.7,0,0,38,0,13,Very Low,1
2026-01-08,Thursday,17,Borra Caves,Andhra Pradesh,Cave,18.28,83.05,30.1,3.5,0,0,38,0,32,Low,0
2026-01-08,Thursday,9,Araku Valley,Andhra Pradesh,Hill Station,18.3273,82.8775,26.2,12.2,0,0,35,0,42,Low,0
2026-01-08,Thursday,11,Araku Valley,Andhra Pradesh,Hill Station,18.3273,82.8775,25.6,8.5,0,0,35,0,49,Low,0
2026-01-08,Thursday,13,Araku Valley,Andhra Pradesh,Hill Station,18.3273,82.8775,31.9,10.6,0,0,35,0,32,Low,0
2026-01-08,Thursday,15,Araku Valley,Andhra Pradesh,Hill Station,18.3273,82.8775,33.9,28.2,0,0,35,0,7,Very Low,1
2026-01-08,Thursday,17,Araku Valley,Andhra Pradesh,Hill Station,18.3273,82.8775,30.0,32.6,0,0,35,0,36,Low,0
2026-01-08,Thursday,9,Undavalli Caves,Andhra Pradesh,Cave,16.4957,80.581,25.9,30.7,0,0,58,0,65,Medium,0
2026-01-08,Thursday,11,Undavalli Caves,Andhra Pradesh,Cave,16.4957,80.581,31.7,5.4,0,0,58,0,87,Very High,0
2026-01-08,Thursday,13,Undavalli Caves,Andhra Pradesh,Cave,16.4957,80.581,29.5,7.4,0,0,58,0,43,Low,1
2026-01-08,Thursday,15,Undavalli Caves,Andhra Pradesh,Cave,16.4957,80.581,32.7,17.7,0,0,58,0,48,Low,0
2026-01-08,Thursday,17,Undavalli Caves,Andhra Pradesh,Cave,16.4957,80.581,27.3,31.8,0,0,58,0,69,Medium,0
2026-01-08,Thursday,9,Amaravati Stupa,Andhra Pradesh,Heritage,16.572,80.3575,32.5,1.5,0,0,43,0,54,Medium,0
2026-01-08,Thursday,11,Amaravati Stupa,Andhra Pradesh,Heritage,16.572,80.3575,28.0,4.6,0,0,43,0,62,Medium,0
2026-01-08,Thursday,13,Amaravati Stupa,Andhra Pradesh,Heritage,16.572,80.3575,31.0,24.7,0,0,43,0,33,Low,1
2026-01-08,Thursday,15,Amaravati Stupa,Andhra Pradesh,Heritage,16.572,80.3575,30.0,3.9,0,0,43,0,35,Low,0
2026-01-08,Thursday,17,Amaravati Stupa,Andhra Pradesh,Heritage,16.572,80.3575,26.3,1.3,0,0,43,0,42,Low,0
2026-01-09,Friday,9,Kondapalli Fort,Andhra Pradesh,Fort,16.619,80.5397,28.3,19.3,0,0,55,0,62,Medium,0
2026-01-09,Friday,11,Kondapalli Fort,Andhra Pradesh,Fort,16.619,80.5397,28.3,32.7,0,0,55,0,70,Medium,0
2026-01-09,Friday,13,Kondapalli Fort,Andhra Pradesh,Fort,16.619,80.5397,35.7,1.4,0,0,55,0,39,Low,1
2026-01-09,Friday,15,Kondapalli Fort,Andhra Pradesh,Fort,16.619,80.5397,31.0,12.4,0,0,55,0,45,Low,0
2026-01-09,Friday,17,Kondapalli Fort,Andhra Pradesh,Fort,16.619,80.5397,30.0,30.6,0,0,55,0,68,Medium,0
2026-01-09,Friday,9,Borra Caves,Andhra Pradesh,Cave,18.28,83.05,33.3,8.3,0,0,38,0,45,Low,0
2026-01-09,Friday,11,Borra Caves,Andhra Pradesh,Cave,18.28,83.05,26.5,28.0,0,0,38,0,56,Medium,0
2026-01-09,Friday,13,Borra Caves,Andhra Pradesh,Cave,18.28,83.05,28.6,32.4,0,0,38,0,34,Low,0
2026-01-09,Friday,15,Borra Caves,Andhra Pradesh,Cave,18.28,83.05,32.0,14.4,0,0,38,0,15,Very Low,1
2026-01-09,Friday,17,Borra Caves,Andhra Pradesh,Cave,18.28,83.05,27.2,5.6,0,0,38,0,31,Low,0
2026-01-09,Friday,9,Araku Valley,Andhra Pradesh,Hill Station,18.3273,82.8775,31.3,13.4,0,0,35,0,50,Low,0
2026-01-09,Friday,11,Araku Valley,Andhra Pradesh,Hill Station,18.3273,82.8775,26.8,32.1,0,0,35,0,51,Medium,0
2026-01-09,Friday,13,Araku Valley,Andhra Pradesh,Hill Station,18.3273,82.8775,30.1,28.7,0,0,35,0,28,Very Low,0
2026-01-09,Friday,15,Araku Valley,Andhra Pradesh,Hill Station,18.3273,82.8775,30.9,13.9,0,0,35,0,14,Very Low,1
2026-01-09,Friday,17,Araku Valley,Andhra Pradesh,Hill Station,18.3273,82.8775,27.5,2.4,0,0,35,0,37,Low,0
2026-01-09,Friday,9,Undavalli Caves,Andhra Pradesh,Cave,16.4957,80.581,29.6,23.8,0,0,58,0,60,Medium,0
2026-01-09,Friday,11,Undavalli Caves,Andhra Pradesh,Cave,16.4957,80.581,32.6,11.6,0,0,58,0,87,Very High,0
2026-01-09,Friday,13,Undavalli Caves,Andhra Pradesh,Cave,16.4957,80.581,29.4,20.3,0,0,58,0,50,Low,0
2026-01-09,Friday,15,Undavalli Caves,Andhra Pradesh,Cave,16.4957,80.581,33.9,1.3,0,0,58,0,35,Low,1
2026-01-09,Friday,17,Undavalli Caves,Andhra Pradesh,Cave,16.4957,80.581,32.1,15.3,0,0,58,0,57,Medium,0
2026-01-09,Friday,9,Amaravati Stupa,Andhra Pradesh,Heritage,16.572,80.3575,33.9,4.0,0,0,43,0,54,Medium,0
2026-01-09,Friday,11,Amaravati Stupa,Andhra Pradesh,Heritage,16.572,80.3575,25.4,15.3,0,0,43,0,56,Medium,0
2026-01-09,Friday,13,Amaravati Stupa,Andhra Pradesh,Heritage,16.572,80.3575,31.7,28.2,0,0,43,0,27,Very Low,0
2026-01-09,Friday,15,Amaravati Stupa,Andhra Pradesh,Heritage,16.572,80.3575,31.6,6.9,0,0,43,0,10,Very Low,1
2026-01-09,Friday,17,Amaravati Stupa,Andhra Pradesh,Heritage,16.572,80.3575,28.9,33.2,0,0,43,0,53,Medium,0
2026-01-10,Saturday,9,Kondapalli Fort,Andhra Pradesh,Fort,16.619,80.5397,31.0,4.4,1,0,55,1,100,Very High,0
2026-01-10,Saturday,11,Kondapalli Fort,Andhra Pradesh,Fort,16.619,80.5397,33.1,17.7,1,0,55,1,100,Very High,0
2026-01-10,Saturday,13,Kondapalli Fort,Andhra Pradesh,Fort,16.619,80.5397,33.3,19.4,1,0,55,1,83,High,0
2026-01-10,Saturday,15,Kondapalli Fort,Andhra Pradesh,Fort,16.619,80.5397,26.7,23.3,1,0,55,1,72,High,1
2026-01-10,Saturday,17,Kondapalli Fort,Andhra Pradesh,Fort,16.619,80.5397,26.6,19.9,1,0,55,1,100,Very High,0
2026-01-10,Saturday,9,Borra Caves,Andhra Pradesh,Cave,18.28,83.05,28.7,29.2,1,0,38,1,88,Very High,0
2026-01-10,Saturday,11,Borra Caves,Andhra Pradesh,Cave,18.28,83.05,32.1,21.2,1,0,38,1,100,Very High,0
2026-01-10,Saturday,13,Borra Caves,Andhra Pradesh,Cave,18.28,83.05,29.9,15.5,1,0,38,1,68,Medium,0
2026-01-10,Saturday,15,Borra Caves,Andhra Pradesh,Cave,18.28,83.05,32.1,33.6,1,0,38,1,56,Medium,1
2026-01-10,Saturday,17,Borra Caves,Andhra Pradesh,Cave,18.28,83.05,31.6,23.1,1,0,38,1,81,High,0
2026-01-10,Saturday,9,Araku Valley,Andhra Pradesh,Hill Station,18.3273,82.8775,30.6,3.3,1,0,35,1,96,Very High,0
2026-01-10,Saturday,11,Araku Valley,Andhra Pradesh,Hill Station,18.3273,82.8775,33.6,8.2,1,0,35,1,89,Very High,0
2026-01-10,Saturday,13,Araku Valley,Andhra Pradesh,Hill Station,18.3273,82.8775,28.3,1.6,1,0,35,1,79,High,0
2026-01-10,Saturday,15,Araku Valley,Andhra Pradesh,Hill Station,18.3273,82.8775,33.9,21.4,1,0,35,1,60,Medium,1
2026-01-10,Saturday,17,Araku Valley,Andhra Pradesh,Hill Station,18.3273,82.8775,33.0,20.1,1,0,35,1,73,High,0
2026-01-10,Saturday,9,Undavalli Caves,Andhra Pradesh,Cave,16.4957,80.581,31.5,13.4,1,0,58,1,100,Very High,0
2026-01-10,Saturday,11,Undavalli Caves,Andhra Pradesh,Cave,16.4957,80.581,31.2,31.2,1,0,58,1,100,Very High,0
2026-01-10,Saturday,13,Undavalli Caves,Andhra Pradesh,Cave,16.4957,80.581,34.7,31.0,1,0,58,1,91,Very High,0
2026-01-10,Saturday,15,Undavalli Caves,Andhra Pradesh,Cave,16.4957,80.581,32.2,24.4,1,0,58,1,79,High,1
2026-01-10,Saturday,17,Undavalli Caves,Andhra Pradesh,Cave,16.4957,80.581,29.2,19.5,1,0,58,1,100,Very High,0
2026-01-10,Saturday,9,Amaravati Stupa,Andhra Pradesh,Heritage,16.572,80.3575,26.2,16.3,1,0,43,1,93,Very High,0
2026-01-10,Saturday,11,Amaravati Stupa,Andhra Pradesh,Heritage,16.572,80.3575,29.8,19.6,1,0,43,1,97,Very High,0
2026-01-10,Saturday,13,Amaravati Stupa,Andhra Pradesh,Heritage,16.572,80.3575,31.0,28.5,1,0,43,1,86,Very High,0
2026-01-10,Saturday,15,Amaravati Stupa,Andhra Pradesh,Heritage,16.572,80.3575,33.0,14.9,1,0,43,1,74,High,1
2026-01-10,Saturday,17,Amaravati Stupa,Andhra Pradesh,Heritage,16.572,80.3575,26.4,30.2,1,0,43,1,84,High,0
2026-01-11,Sunday,9,Kondapalli Fort,Andhra Pradesh,Fort,16.619,80.5397,29.1,26.3,1,0,55,1,100,Very High,0
2026-01-11,Sunday,11,Kondapalli Fort,Andhra Pradesh,Fort,16.619,80.5397,32.0,17.0,1,0,55,1,100,Very High,0
2026-01-11,Sunday,13,Kondapalli Fort,Andhra Pradesh,Fort,16.619,80.5397,29.2,15.4,1,0,55,1,87,Very High,0
2026-01-11,Sunday,15,Kondapalli Fort,Andhra Pradesh,Fort,16.619,80.5397,28.0,31.3,1,0,55,1,76,High,1
2026-01-11,Sunday,17,Kondapalli Fort,Andhra Pradesh,Fort,16.619,80.5397,25.7,5.3,1,0,55,1,98,Very High,0
2026-01-11,Sunday,9,Borra Caves,Andhra Pradesh,Cave,18.28,83.05,26.9,14.5,1,0,38,1,91,Very High,0
2026-01-11,Sunday,11,Borra Caves,Andhra Pradesh,Cave,18.28,83.05,28.0,16.3,1,0,38,1,100,Very High,0
2026-01-11,Sunday,13,Borra Caves,Andhra Pradesh,Cave,18.28,83.05,30.5,26.9,1,0,38,1,76,High,0
2026-01-11,Sunday,15,Borra Caves,Andhra Pradesh,Cave,18.28,83.05,33.5,0.7,1,0,38,1,69,Medium,1
2026-01-11,Sunday,17,Borra Caves,Andhra Pradesh,Cave,18.28,83.05,29.3,33.0,1,0,38,1,77,High,0
2026-01-11,Sunday,9,Araku Valley,Andhra Pradesh,Hill Station,18.3273,82.8775,27.7,13.6,1,0,35,1,96,Very High,0
2026-01-11,Sunday,11,Araku Valley,Andhra Pradesh,Hill Station,18.3273,82.8775,29.8,25.7,1,0,35,1,85,High,0
2026-01-11,Sunday,13,Araku Valley,Andhra Pradesh,Hill Station,18.3273,82.8775,34.2,31.4,1,0,35,1,63,Medium,0
2026-01-11,Sunday,15,Araku Valley,Andhra Pradesh,Hill Station,18.3273,82.8775,29.4,13.6,1,0,35,1,60,Medium,1
2026-01-11,Sunday,17,Araku Valley,Andhra Pradesh,Hill Station,18.3273,82.8775,31.0,27.9,1,0,35,1,78,High,0
2026-01-11,Sunday,9,Undavalli Caves,Andhra Pradesh,Cave,16.4957,80.581,33.3,34.3,1,0,58,1,96,Very High,0
2026-01-11,Sunday,11,Undavalli Caves,Andhra Pradesh,Cave,16.4957,80.581,29.8,31.7,1,0,58,1,100,Very High,0
2026-01-11,Sunday,13,Undavalli Caves,Andhra Pradesh,Cave,16.4957,80.581,27.8,15.0,1,0,58,1,86,Very High,0
2026-01-11,Sunday,15,Undavalli Caves,Andhra Pradesh,Cave,16.4957,80.581,32.8,6.4,1,0,58,1,83,High,1
2026-01-11,Sunday,17,Undavalli Caves,Andhra Pradesh,Cave,16.4957,80.581,29.1,11.8,1,0,58,1,100,Very High,0
2026-01-11,Sunday,9,Amaravati Stupa,Andhra Pradesh,Heritage,16.572,80.3575,32.9,9.7,1,0,43,1,100,Very High,0
2026-01-11,Sunday,11,Amaravati Stupa,Andhra Pradesh,Heritage,16.572,80.3575,32.5,16.5,1,0,43,1,99,Very High,0
2026-01-11,Sunday,13,Amaravati Stupa,Andhra Pradesh,Heritage,16.572,80.3575,33.7,1.8,1,0,43,1,80,High,0
2026-01-11,Sunday,15,Amaravati Stupa,Andhra Pradesh,Heritage,16.572,80.3575,25.6,33.5,1,0,43,1,67,Medium,1
2026-01-11,Sunday,17,Amaravati Stupa,Andhra Pradesh,Heritage,16.572,80.3575,25.4,1.1,1,0,43,1,88,Very High,0
2026-01-12,Monday,9,Kondapalli Fort,Andhra Pradesh,Fort,16.619,80.5397,30.6,8.3,1,0,55,0,94,Very High,0
2026-01-12,Monday,11,Kondapalli Fort,Andhra Pradesh,Fort,16.619,80.5397,29.3,4.0,1,0,55,0,95,Very High,0
2026-01-12,Monday,13,Kondapalli Fort,Andhra Pradesh,Fort,16.619,80.5397,29.3,12.9,1,0,55,0,61,Medium,0
2026-01-12,Monday,15,Kondapalli Fort,Andhra Pradesh,Fort,16.619,80.5397,30.5,33.7,1,0,55,0,53,Medium,1
2026-01-12,Monday,17,Kondapalli Fort,Andhra Pradesh,Fort,16.619,80.5397,26.5,10.9,1,0,55,0,64,Medium,0
2026-01-12,Monday,9,Borra Caves,Andhra Pradesh,Cave,18.28,83.05,30.2,32.5,1,0,38,0,51,Medium,0
2026-01-12,Monday,11,Borra Caves,Andhra Pradesh,Cave,18.28,83.05,28.4,33.0,1,0,38,0,64,Medium,0
2026-01-12,Monday,13,Borra Caves,Andhra Pradesh,Cave,18.28,83.05,28.8,20.7,1,0,38,0,48,Low,0
2026-01-12,Monday,15,Borra Caves,Andhra Pradesh,Cave,18.28,83.05,31.3,10.6,1,0,38,0,34,Low,1
2026-01-12,Monday,17,Borra Caves,Andhra Pradesh,Cave,18.28,83.05,31.2,28.2,1,0,38,0,60,Medium,0
2026-01-12,Monday,9,Araku Valley,Andhra Pradesh,Hill Station,18.3273,82.8775,25.4,18.6,1,0,35,0,53,Medium,0
2026-01-12,Monday,11,Araku Valley,Andhra Pradesh,Hill Station,18.3273,82.8775,31.0,2.4,1,0,35,0,68,Medium,0
2026-01-12,Monday,13,Araku Valley,Andhra Pradesh,Hill Station,18.3273,82.8775,30.8,17.2,1,0,35,0,43,Low,0
2026-01-12,Monday,15,Araku Valley,Andhra Pradesh,Hill Station,18.3273,82.8775,28.9,12.7,1,0,35,0,41,Low,1
2026-01-12,Monday,17,Araku Valley,Andhra Pradesh,Hill Station,18.3273,82.8775,26.4,6.2,1,0,35,0,51,Medium,0
2026-01-12,Monday,9,Undavalli Caves,Andhra Pradesh,Cave,16.4957,80.581,29.7,22.8,1,0,58,0,73,High,0
2026-01-12,Monday,11,Undavalli Caves,Andhra Pradesh,Cave,16.4957,80.581,32.0,16.3,1,0,58,0,81,High,0
2026-01-12,Monday,13,Undavalli Caves,Andhra Pradesh,Cave,16.4957,80.581,34.4,20.7,1,0,58,0,64,Medium,0
2026-01-12,Monday,15,Undavalli Caves,Andhra Pradesh,Cave,16.4957,80.581,33.4,9.8,1,0,58,0,62,Medium,1
2026-01-12,Monday,17,Undavalli Caves,Andhra Pradesh,Cave,16.4957,80.581,29.1,26.3,1,0,58,0,69,Medium,0
2026-01-12,Monday,9,Amaravati Stupa,Andhra Pradesh,Heritage,16.572,80.3575,28.0,17.3,1,0,43,0,65,Medium,0
2026-01-12,Monday,11,Amaravati Stupa,Andhra Pradesh,Heritage,16.572,80.3575,27.9,17.1,1,0,43,0,73,High,0
2026-01-12,Monday,13,Amaravati Stupa,Andhra Pradesh,Heritage,16.572,80.3575,29.5,20.9,1,0,43,0,55,Medium,0
2026-01-12,Monday,15,Amaravati Stupa,Andhra Pradesh,Heritage,16.572,80.3575,32.9,19.5,1,0,43,0,39,Low,1
2026-01-12,Monday,17,Amaravati Stupa,Andhra Pradesh,Heritage,16.572,80.3575,27.2,14.2,1,0,43,0,63,Medium,0
2026-01-13,Tuesday,9,Kondapalli Fort,Andhra Pradesh,Fort,16.619,80.5397,30.0,8.4,0,0,55,0,53,Medium,0
2026-01-13,Tuesday,11,Kondapalli Fort,Andhra Pradesh,Fort,16.619,80.5397,29.0,0.6,0,0,55,0,71,High,0
2026-01-13,Tuesday,13,Kondapalli Fort,Andhra Pradesh,Fort,16.619,80.5397,29.6,14.2,0,0,55,0,45,Low,1
2026-01-13,Tuesday,15,Kondapalli Fort,Andhra Pradesh,Fort,16.619,80.5397,28.3,19.4,0,0,55,0,47,Low,0
2026-01-13,Tuesday,17,Kondapalli Fort,Andhra Pradesh,Fort,16.619,80.5397,28.1,34.9,0,0,55,0,51,Medium,0
2026-01-13,Tuesday,9,Borra Caves,Andhra Pradesh,Cave,18.28,83.05,29.1,10.7,0,0,38,0,44,Low,0
2026-01-13,Tuesday,11,Borra Caves,Andhra Pradesh,Cave,18.28,83.05,27.1,25.2,0,0,38,0,49,Low,0
2026-01-13,Tuesday,13,Borra Caves,Andhra Pradesh,Cave,18.28,83.05,35.6,24.2,0,0,38,0,38,Low,0
2026-01-13,Tuesday,15,Borra Caves,Andhra Pradesh,Cave,18.28,83.05,26.7,25.9,0,0,38,0,19,Very Low,1
2026-01-13,Tuesday,17,Borra Caves,Andhra Pradesh,Cave,18.28,83.05,31.8,20.9,0,0,38,0,49,Low,0
2026-01-13,Tuesday,9,Araku Valley,Andhra Pradesh,Hill Station,18.3273,82.8775,33.8,29.1,0,0,35,0,42,Low,0
2026-01-13,Tuesday,11,Araku Valley,Andhra Pradesh,Hill Station,18.3273,82.8775,27.7,24.8,0,0,35,0,56,Medium,0
2026-01-13,Tuesday,13,Araku Valley,Andhra Pradesh,Hill Station,18.3273,82.8775,28.1,1.6,0,0,35,0,30,Very Low,0
2026-01-13,Tuesday,15,Araku Valley,Andhra Pradesh,Hill Station,18.3273,82.8775,33.5,22.3,0,0,35,0,18,Very Low,1
2026-01-13,Tuesday,17,Araku Valley,Andhra Pradesh,Hill Station,18.3273,82.8775,31.8,3.6,0,0,35,0,42,Low,0
2026-01-13,Tuesday,9,Undavalli Caves,Andhra Pradesh,Cave,16.4957,80.581,29.3,11.9,0,0,58,0,66,Medium,0
2026-01-13,Tuesday,11,Undavalli Caves,Andhra Pradesh,Cave,16.4957,80.581,33.7,8.8,0,0,58,0,75,High,0
2026-01-13,Tuesday,13,Undavalli Caves,Andhra Pradesh,Cave,16.4957,80.581,27.6,17.2,0,0,58,0,46,Low,1
2026-01-13,Tuesday,15,Undavalli Caves,Andhra Pradesh,Cave,16.4957,80.581,30.2,24.0,0,0,58,0,47,Low,0
2026-01-13,Tuesday,17,Undavalli Caves,Andhra Pradesh,Cave,16.4957,80.581,33.5,3.0,0,0,58,0,70,Medium,0
2026-01-13,Tuesday,9,Amaravati Stupa,Andhra Pradesh,Heritage,16.572,80.3575,27.2,19.5,0,0,43,0,43,Low,0
2026-01-13,Tuesday,11,Amaravati Stupa,Andhra Pradesh,Heritage,16.572,80.3575,30.6,27.1,0,0,43,0,62,Medium,0
2026-01-13,Tuesday,13,Amaravati Stupa,Andhra Pradesh,Heritage,16.572,80.3575,30.4,31.8,0,0,43,0,31,Low,1
2026-01-13,Tuesday,15,Amaravati Stupa,Andhra Pradesh,Heritage,16.572,80.3575,28.9,19.9,0,0,43,0,33,Low,0
2026-01-13,Tuesday,17,Amaravati Stupa,Andhra Pradesh,Heritage,16.572,80.3575,25.5,33.6,0,0,43,0,54,Medium,0
2026-01-14,Wednesday,9,Kondapalli Fort,Andhra Pradesh,Fort,16.619,80.5397,30.6,9.3,0,0,55,0,69,Medium,0
2026-01-14,Wednesday,11,Kondapalli Fort,Andhra Pradesh,Fort,16.619,80.5397,25.7,8.4,0,1,55,0,89,Very High,0
2026-01-14,Wednesday,13,Kondapalli Fort,Andhra Pradesh,Fort,16.619,80.5397,30.7,24.1,0,1,55,0,66,Medium,0
2026-01-14,Wednesday,15,Kondapalli Fort,Andhra Pradesh,Fort,16.619,80.5397,29.2,1.1,0,1,55,0,58,Medium,1
2026-01-14,Wednesday,17,Kondapalli Fort,Andhra Pradesh,Fort,16.619,80.5397,32.7,2.5,0,0,55,0,62,Medium,0
2026-01-14,Wednesday,9,Borra Caves,Andhra Pradesh,Cave,18.28,83.05,27.1,9.3,0,0,38,0,48,Low,0
2026-01-14,Wednesday,11,Borra Caves,Andhra Pradesh,Cave,18.28,83.05,32.2,6.9,0,1,38,0,66,Medium,0
2026-01-14,Wednesday,13,Borra Caves,Andhra Pradesh,Cave,18.28,83.05,28.0,7.9,0,1,38,0,53,Medium,0
2026-01-14,Wednesday,15,Borra Caves,Andhra Pradesh,Cave,18.28,83.05,26.3,2.1,0,1,38,0,46,Low,1
2026-01-14,Wednesday,17,Borra Caves,Andhra Pradesh,Cave,18.28,83.05,32.1,20.8,0,0,38,0,47,Low,0
2026-01-14,Wednesday,9,Araku Valley,Andhra Pradesh,Hill Station,18.3273,82.8775,29.0,16.4,0,0,35,0,29,Very Low,1
2026-01-14,Wednesday,11,Araku Valley,Andhra Pradesh,Hill Station,18.3273,82.8775,27.7,14.1,0,1,35,0,71,High,0
2026-01-14,Wednesday,13,Araku Valley,Andhra Pradesh,Hill Station,18.3273,82.8775,30.9,20.9,0,1,35,0,55,Medium,0
2026-01-14,Wednesday,15,Araku Valley,Andhra Pradesh,Hill Station,18.3273,82.8775,33.0,25.7,0,1,35,0,38,Low,0
2026-01-14,Wednesday,17,Araku Valley,Andhra Pradesh,Hill Station,18.3273,82.8775,27.1,23.6,0,0,35,0,37,Low,0
2026-01-14,Wednesday,9,Undavalli Caves,Andhra Pradesh,Cave,16.4957,80.581,32.7,20.5,0,0,58,0,77,High,0
2026-01-14,Wednesday,11,Undavalli Caves,Andhra Pradesh,Cave,16.4957,80.581,32.4,20.2,0,1,58,0,96,Very High,0
2026-01-14,Wednesday,13,Undavalli Caves,Andhra Pradesh,Cave,16.4957,80.581,33.9,6.1,0,1,58,0,63,Medium,0
2026-01-14,Wednesday,15,Undavalli Caves,Andhra Pradesh,Cave,16.4957,80.581,27.5,34.9,0,1,58,0,62,Medium,1
2026-01-14,Wednesday,17,Undavalli Caves,Andhra Pradesh,Cave,16.4957,80.581,28.9,28.5,0,0,58,0,67,Medium,0
2026-01-14,Wednesday,9,Amaravati Stupa,Andhra Pradesh,Heritage,16.572,80.3575,28.7,11.2,0,0,43,0,50,Low,0
2026-01-14,Wednesday,11,Amaravati Stupa,Andhra Pradesh,Heritage,16.572,80.3575,25.9,5.6,0,1,43,0,74,High,0
2026-01-14,Wednesday,13,Amaravati Stupa,Andhra Pradesh,Heritage,16.572,80.3575,33.0,14.0,0,1,43,0,59,Medium,0
2026-01-14,Wednesday,15,Amaravati Stupa,Andhra Pradesh,Heritage,16.572,80.3575,31.8,1.3,0,1,43,0,51,Medium,0
2026-01-14,Wednesday,17,Amaravati Stupa,Andhra Pradesh,Heritage,16.572,80.3575,26.0,27.0,0,0,43,0,47,Low,1
2026-01-15,Thursday,9,Kondapalli Fort,Andhra Pradesh,Fort,16.619,80.5397,32.8,28.9,0,0,55,0,77,High,0
2026-01-15,Thursday,11,Kondapalli Fort,Andhra Pradesh,Fort,16.619,80.5397,29.2,1.9,0,0,55,0,70,Medium,0
2026-01-15,Thursday,13,Kondapalli Fort,Andhra Pradesh,Fort,16.619,80.5397,31.7,21.8,0,0,55,0,38,Low,0
2026-01-15,Thursday,15,Kondapalli Fort,Andhra Pradesh,Fort,16.619,80.5397,25.5,9.3,0,0,55,0,37,Low,1
2026-01-15,Thursday,17,Kondapalli Fort,Andhra Pradesh,Fort,16.619,80.5397,26.2,10.1,0,0,55,0,62,Medium,0
2026-01-15,Thursday,9,Borra Caves,Andhra Pradesh,Cave,18.28,83.05,25.3,22.1,0,0,38,0,41,Low,0
2026-01-15,Thursday,11,Borra Caves,Andhra Pradesh,Cave,18.28,83.05,32.2,24.8,0,0,38,0,53,Medium,0
2026-01-15,Thursday,13,Borra Caves,Andhra Pradesh,Cave,18.28,83.05,30.7,7.9,0,0,38,0,29,Very Low,1
2026-01-15,Thursday,15,Borra Caves,Andhra Pradesh,Cave,18.28,83.05,32.6,4.0,0,0,38,0,29,Very Low,1
2026-01-15,Thursday,17,Borra Caves,Andhra Pradesh,Cave,18.28,83.05,26.4,32.6,0,0,38,0,37,Low,0
2026-01-15,Thursday,9,Araku Valley,Andhra Pradesh,Hill Station,18.3273,82.8775,27.6,24.7,0,0,35,0,37,Low,0
2026-01-15,Thursday,11,Araku Valley,Andhra Pradesh,Hill Station,18.3273,82.8775,29.2,16.0,0,0,35,0,54,Medium,0
2026-01-15,Thursday,13,Araku Valley,Andhra Pradesh,Hill Station,18.3273,82.8775,28.3,6.7,0,0,35,0,16,Very Low,0
2026-01-15,Thursday,15,Araku Valley,Andhra Pradesh,Hill Station,18.3273,82.8775,26.2,2.4,0,0,35,0,11,Very Low,1
2026-01-15,Thursday,17,Araku Valley,Andhra Pradesh,Hill Station,18.3273,82.8775,32.0,29.9,0,0,35,0,31,Low,0
2026-01-15,Thursday,9,Undavalli Caves,Andhra Pradesh,Cave,16.4957,80.581,27.4,0.1,0,0,58,0,76,High,0
2026-01-15,Thursday,11,Undavalli Caves,Andhra Pradesh,Cave,16.4957,80.581,31.5,29.3,0,0,58,0,64,Medium,0
2026-01-15,Thursday,13,Undavalli Caves,Andhra Pradesh,Cave,16.4957,80.581,34.8,15.6,0,0,58,0,44,Low,0
2026-01-15,Thursday,15,Undavalli Caves,Andhra Pradesh,Cave,16.4957,80.581,29.4,11.6,0,0,58,0,40,Low,1
2026-01-15,Thursday,17,Undavalli Caves,Andhra Pradesh,Cave,16.4957,80.581,33.4,30.4,0,0,58,0,54,Medium,0
2026-01-15,Thursday,9,Amaravati Stupa,Andhra Pradesh,Heritage,16.572,80.3575,33.8,8.4,0,0,43,0,41,Low,0
2026-01-15,Thursday,11,Amaravati Stupa,Andhra Pradesh,Heritage,16.572,80.3575,28.7,11.1,0,0,43,0,67,Medium,0
2026-01-15,Thursday,13,Amaravati Stupa,Andhra Pradesh,Heritage,16.572,80.3575,31.3,32.0,0,0,43,0,18,Very Low,1
2026-01-15,Thursday,15,Amaravati Stupa,Andhra Pradesh,Heritage,16.572,80.3575,32.1,22.8,0,0,43,0,39,Low,0
2026-01-15,Thursday,17,Amaravati Stupa,Andhra Pradesh,Heritage,16.572,80.3575,26.4,33.8,0,0,43,0,57,Medium,0
2026-01-16,Friday,9,Kondapalli Fort,Andhra Pradesh,Fort,16.619,80.5397,28.0,3.5,0,0,55,0,75,High,0
2026-01-16,Friday,11,Kondapalli Fort,Andhra Pradesh,Fort,16.619,80.5397,32.6,3.5,0,0,55,0,71,High,0
2026-01-16,Friday,13,Kondapalli Fort,Andhra Pradesh,Fort,16.619,80.5397,28.3,30.5,0,0,55,0,45,Low,0
2026-01-16,Friday,15,Kondapalli Fort,Andhra Pradesh,Fort,16.619,80.5397,33.7,2.6,0,0,55,0,38,Low,1
2026-01-16,Friday,17,Kondapalli Fort,Andhra Pradesh,Fort,16.619,80.5397,30.6,13.9,0,0,55,0,52,Medium,0
2026-01-16,Friday,9,Borra Caves,Andhra Pradesh,Cave,18.28,83.05,25.7,11.5,0,0,38,0,43,Low,0
2026-01-16,Friday,11,Borra Caves,Andhra Pradesh,Cave,18.28,83.05,33.6,21.9,0,0,38,0,46,Low,0
2026-01-16,Friday,13,Borra Caves,Andhra Pradesh,Cave,18.28,83.05,35.0,17.1,0,0,38,0,19,Very Low,0
2026-01-16,Friday,15,Borra Caves,Andhra Pradesh,Cave,18.28,83.05,27.1,24.0,0,0,38,0,18,Very Low,1
2026-01-16,Friday,17,Borra Caves,Andhra Pradesh,Cave,18.28,83.05,27.6,8.0,0,0,38,0,56,Medium,0
2026-01-16,Friday,9,Araku Valley,Andhra Pradesh,Hill Station,18.3273,82.8775,31.8,24.6,0,0,35,0,53,Medium,0
2026-01-16,Friday,11,Araku Valley,Andhra Pradesh,Hill Station,18.3273,82.8775,25.9,5.8,0,0,35,0,50,Low,0
2026-01-16,Friday,13,Araku Valley,Andhra Pradesh,Hill Station,18.3273,82.8775,29.9,2.0,0,0,35,0,26,Very Low,0
2026-01-16,Friday,15,Araku Valley,Andhra Pradesh,Hill Station,18.3273,82.8775,28.2,15.1,0,0,35,0,17,Very Low,1
2026-01-16,Friday,17,Araku Valley,Andhra Pradesh,Hill Station,18.3273,82.8775,31.1,6.3,0,0,35,0,44,Low,0
2026-01-16,Friday,9,Undavalli Caves,Andhra Pradesh,Cave,16.4957,80.581,26.6,21.3,0,0,58,0,59,Medium,0
2026-01-16,Friday,11,Undavalli Caves,Andhra Pradesh,Cave,16.4957,80.581,29.5,20.4,0,0,58,0,80,High,0
2026-01-16,Friday,13,Undavalli Caves,Andhra Pradesh,Cave,16.4957,80.581,29.1,22.3,0,0,58,0,38,Low,1
2026-01-16,Friday,15,Undavalli Caves,Andhra Pradesh,Cave,16.4957,80.581,33.1,16.3,0,0,58,0,42,Low,0
2026-01-16,Friday,17,Undavalli Caves,Andhra Pradesh,Cave,16.4957,80.581,27.6,19.1,0,0,58,0,75,High,0
2026-01-16,Friday,9,Amaravati Stupa,Andhra Pradesh,Heritage,16.572,80.3575,33.9,10.5,0,0,43,0,58,Medium,0
2026-01-16,Friday,11,Amaravati Stupa,Andhra Pradesh,Heritage,16.572,80.3575,33.7,24.2,0,0,43,0,53,Medium,0
2026-01-16,Friday,13,Amaravati Stupa,Andhra Pradesh,Heritage,16.572,80.3575,36.0,29.9,0,0,43,0,34,Low,0
2026-01-16,Friday,15,Amaravati Stupa,Andhra Pradesh,Heritage,16.572,80.3575,26.0,13.3,0,0,43,0,22,Very Low,1
2026-01-16,Friday,17,Amaravati Stupa,Andhra Pradesh,Heritage,16.572,80.3575,31.3,0.8,0,0,43,0,49,Low,0
2026-01-17,Saturday,9,Kondapalli Fort,Andhra Pradesh,Fort,16.619,80.5397,32.5,13.9,0,0,55,1,100,Very High,0
2026-01-17,Saturday,11,Kondapalli Fort,Andhra Pradesh,Fort,16.619,80.5397,32.0,34.1,0,0,55,1,95,Very High,0
2026-01-17,Saturday,13,Kondapalli Fort,Andhra Pradesh,Fort,16.619,80.5397,35.2,26.1,0,0,55,1,77,High,0
2026-01-17,Saturday,15,Kondapalli Fort,Andhra Pradesh,Fort,16.619,80.5397,32.0,8.1,0,0,55,1,49,Low,1
2026-01-17,Saturday,17,Kondapalli Fort,Andhra Pradesh,Fort,16.619,80.5397,32.2,7.7,0,0,55,1,83,High,0
2026-01-17,Saturday,9,Borra Caves,Andhra Pradesh,Cave,18.28,83.05,31.8,26.9,0,0,38,1,75,High,0
2026-01-17,Saturday,11,Borra Caves,Andhra Pradesh,Cave,18.28,83.05,31.1,4.8,0,0,38,1,86,Very High,0
2026-01-17,Saturday,13,Borra Caves,Andhra Pradesh,Cave,18.28,83.05,27.4,27.6,0,0,38,1,58,Medium,0
2026-01-17,Saturday,15,Borra Caves,Andhra Pradesh,Cave,18.28,83.05,25.3,12.8,0,0,38,1,55,Medium,1
2026-01-17,Saturday,17,Borra Caves,Andhra Pradesh,Cave,18.28,83.05,27.9,14.5,0,0,38,1,76,High,0
2026-01-17,Saturday,9,Araku Valley,Andhra Pradesh,Hill Station,18.3273,82.8775,26.8,27.5,0,0,35,1,72,High,0
2026-01-17,Saturday,11,Araku Valley,Andhra Pradesh,Hill Station,18.3273,82.8775,29.5,9.5,0,0,35,1,71,High,0
2026-01-17,Saturday,13,Araku Valley,Andhra Pradesh,Hill Station,18.3273,82.8775,28.5,32.0,0,0,35,1,67,Medium,0
2026-01-17,Saturday,15,Araku Valley,Andhra Pradesh,Hill Station,18.3273,82.8775,27.7,30.5,0,0,35,1,36,Low,1
2026-01-17,Saturday,17,Araku Valley,Andhra Pradesh,Hill Station,18.3273,82.8775,32.2,16.4,0,0,35,1,72,High,0
2026-01-17,Saturday,9,Undavalli Caves,Andhra Pradesh,Cave,16.4957,80.581,27.0,23.7,0,0,58,1,96,Very High,0
2026-01-17,Saturday,11,Undavalli Caves,Andhra Pradesh,Cave,16.4957,80.581,31.1,13.9,0,0,58,1,100,Very High,0
2026-01-17,Saturday,13,Undavalli Caves,Andhra Pradesh,Cave,16.4957,80.581,27.8,13.8,0,0,58,1,66,Medium,0
2026-01-17,Saturday,15,Undavalli Caves,Andhra Pradesh,Cave,16.4957,80.581,27.4,4.3,0,0,58,1,58,Medium,1
2026-01-17,Saturday,17,Undavalli Caves,Andhra Pradesh,Cave,16.4957,80.581,27.4,13.3,0,0,58,1,93,Very High,0
2026-01-17,Saturday,9,Amaravati Stupa,Andhra Pradesh,Heritage,16.572,80.3575,30.7,13.0,0,0,43,1,73,High,0
2026-01-17,Saturday,11,Amaravati Stupa,Andhra Pradesh,Heritage,16.572,80.3575,30.6,33.0,0,0,43,1,76,High,0
2026-01-17,Saturday,13,Amaravati Stupa,Andhra Pradesh,Heritage,16.572,80.3575,30.0,21.4,0,0,43,1,53,Medium,0
2026-01-17,Saturday,15,Amaravati Stupa,Andhra Pradesh,Heritage,16.572,80.3575,29.2,24.5,0,0,43,1,43,Low,1
2026-01-17,Saturday,17,Amaravati Stupa,Andhra Pradesh,Heritage,16.572,80.3575,30.8,4.1,0,0,43,1,71,High,0
2026-01-18,Sunday,9,Kondapalli Fort,Andhra Pradesh,Fort,16.619,80.5397,34.0,4.1,0,0,55,1,88,Very High,0
2026-01-18,Sunday,11,Kondapalli Fort,Andhra Pradesh,Fort,16.619,80.5397,27.1,18.8,0,0,55,1,90,Very High,0
2026-01-18,Sunday,13,Kondapalli Fort,Andhra Pradesh,Fort,16.619,80.5397,35.5,24.4,0,0,55,1,74,High,0
2026-01-18,Sunday,15,Kondapalli Fort,Andhra Pradesh,Fort,16.619,80.5397,29.9,20.6,0,0,55,1,60,Medium,1
2026-01-18,Sunday,17,Kondapalli Fort,Andhra Pradesh,Fort,16.619,80.5397,30.9,29.2,0,0,55,1,68,Medium,0
2026-01-18,Sunday,9,Borra Caves,Andhra Pradesh,Cave,18.28,83.05,30.5,32.9,0,0,38,1,70,Medium,0
2026-01-18,Sunday,11,Borra Caves,Andhra Pradesh,Cave,18.28,83.05,27.0,15.6,0,0,38,1,88,Very High,0
2026-01-18,Sunday,13,Borra Caves,Andhra Pradesh,Cave,18.28,83.05,29.1,12.7,0,0,38,1,59,Medium,0
2026-01-18,Sunday,15,Borra Caves,Andhra Pradesh,Cave,18.28,83.05,33.1,22.6,0,0,38,1,45,Low,1
2026-01-18,Sunday,17,Borra Caves,Andhra Pradesh,Cave,18.28,83.05,25.5,9.7,0,0,38,1,81,High,0
2026-01-18,Sunday,9,Araku Valley,Andhra Pradesh,Hill Station,18.3273,82.8775,32.4,3.2,0,0,35,1,65,Medium,0
2026-01-18,Sunday,11,Araku Valley,Andhra Pradesh,Hill Station,18.3273,82.8775,26.9,22.4,0,0,35,1,77,High,0
2026-01-18,Sunday,13,Araku Valley,Andhra Pradesh,Hill Station,18.3273,82.8775,30.0,34.6,0,0,35,1,50,Low,0
2026-01-18,Sunday,15,Araku Valley,Andhra Pradesh,Hill Station,18.3273,82.8775,32.1,7.2,0,0,35,1,46,Low,1
2026-01-18,Sunday,17,Araku Valley,Andhra Pradesh,Hill Station,18.3273,82.8775,30.3,28.5,0,0,35,1,55,Medium,0
2026-01-18,Sunday,9,Undavalli Caves,Andhra Pradesh,Cave,16.4957,80.581,27.1,27.1,0,0,58,1,93,Very High,0
2026-01-18,Sunday,11,Undavalli Caves,Andhra Pradesh,Cave,16.4957,80.581,27.5,34.4,0,0,58,1,89,Very High,0
2026-01-18,Sunday,13,Undavalli Caves,Andhra Pradesh,Cave,16.4957,80.581,35.9,18.9,0,0,58,1,74,High,0
2026-01-18,Sunday,15,Undavalli Caves,Andhra Pradesh,Cave,16.4957,80.581,32.8,4.6,0,0,58,1,62,Medium,1
2026-01-18,Sunday,17,Undavalli Caves,Andhra Pradesh,Cave,16.4957,80.581,28.2,27.6,0,0,58,1,84,High,0
2026-01-18,Sunday,9,Amaravati Stupa,Andhra Pradesh,Heritage,16.572,80.3575,27.4,4.4,0,0,43,1,76,High,0
2026-01-18,Sunday,11,Amaravati Stupa,Andhra Pradesh,Heritage,16.572,80.3575,28.8,4.0,0,0,43,1,90,Very High,0
2026-01-18,Sunday,13,Amaravati Stupa,Andhra Pradesh,Heritage,16.572,80.3575,30.3,20.8,0,0,43,1,60,Medium,0
2026-01-18,Sunday,15,Amaravati Stupa,Andhra Pradesh,Heritage,16.572,80.3575,29.1,7.8,0,0,43,1,42,Low,1
2026-01-18,Sunday,17,Amaravati Stupa,Andhra Pradesh,Heritage,16.572,80.3575,33.2,23.1,0,0,43,1,63,Medium,0
2026-01-19,Monday,9,Kondapalli Fort,Andhra Pradesh,Fort,16.619,80.5397,27.7,22.5,0,0,55,0,87,Very High,0
2026-01-19,Monday,11,Kondapalli Fort,Andhra Pradesh,Fort,16.619,80.5397,32.6,14.9,0,0,55,0,74,High,0
2026-01-19,Monday,13,Kondapalli Fort,Andhra Pradesh,Fort,16.619,80.5397,28.0,24.9,0,0,55,0,31,Low,1
2026-01-19,Monday,15,Kondapalli Fort,Andhra Pradesh,Fort,16.619,80.5397,27.9,5.2,0,0,55,0,42,Low,0
2026-01-19,Monday,17,Kondapalli Fort,Andhra Pradesh,Fort,16.619,80.5397,26.1,21.9,0,0,55,0,48,Low,0
2026-01-19,Monday,9,Borra Caves,Andhra Pradesh,Cave,18.28,83.05,28.4,20.9,0,0,38,0,41,Low,0
2026-01-19,Monday,11,Borra Caves,Andhra Pradesh,Cave,18.28,83.05,27.7,17.7,0,0,38,0,42,Low,0
2026-01-19,Monday,13,Borra Caves,Andhra Pradesh,Cave,18.28,83.05,28.0,22.9,0,0,38,0,33,Low,0
2026-01-19,Monday,15,Borra Caves,Andhra Pradesh,Cave,18.28,83.05,32.9,19.3,0,0,38,0,24,Very Low,1
2026-01-19,Monday,17,Borra Caves,Andhra Pradesh,Cave,18.28,83.05,33.0,14.5,0,0,38,0,35,Low,0
2026-01-19,Monday,9,Araku Valley,Andhra Pradesh,Hill Station,18.3273,82.8775,32.4,14.0,0,0,35,0,43,Low,0
2026-01-19,Monday,11,Araku Valley,Andhra Pradesh,Hill Station,18.3273,82.8775,27.8,8.9,0,0,35,0,44,Low,0
2026-01-19,Monday,13,Araku Valley,Andhra Pradesh,Hill Station,18.3273,82.8775,35.6,24.0,0,0,35,0,22,Very Low,0
2026-01-19,Monday,15,Araku Valley,Andhra Pradesh,Hill Station,18.3273,82.8775,25.8,15.1,0,0,35,0,17,Very Low,1
2026-01-19,Monday,17,Araku Valley,Andhra Pradesh,Hill Station,18.3273,82.8775,31.7,13.0,0,0,35,0,38,Low,0
2026-01-19,Monday,9,Undavalli Caves,Andhra Pradesh,Cave,16.4957,80.581,33.6,19.7,0,0,58,0,67,Medium,0
2026-01-19,Monday,11,Undavalli Caves,Andhra Pradesh,Cave,16.4957,80.581,31.0,14.4,0,0,58,0,84,High,0
2026-01-19,Monday,13,Undavalli Caves,Andhra Pradesh,Cave,16.4957,80.581,30.8,32.1,0,0,58,0,37,Low,1
2026-01-19,Monday,15,Undavalli Caves,Andhra Pradesh,Cave,16.4957,80.581,25.5,10.1,0,0,58,0,39,Low,0
2026-01-19,Monday,17,Undavalli Caves,Andhra Pradesh,Cave,16.4957,80.581,29.6,5.4,0,0,58,0,63,Medium,0
2026-01-19,Monday,9,Amaravati Stupa,Andhra Pradesh,Heritage,16.572,80.3575,29.3,29.7,0,0,43,0,46,Low,0
2026-01-19,Monday,11,Amaravati Stupa,Andhra Pradesh,Heritage,16.572,80.3575,26.0,9.7,0,0,43,0,65,Medium,0
2026-01-19,Monday,13,Amaravati Stupa,Andhra Pradesh,Heritage,16.572,80.3575,29.0,15.0,0,0,43,0,22,Very Low,0
2026-01-19,Monday,15,Amaravati Stupa,Andhra Pradesh,Heritage,16.572,80.3575,30.6,23.6,0,0,43,0,21,Very Low,1
2026-01-19,Monday,17,Amaravati Stupa,Andhra Pradesh,Heritage,16.572,80.3575,30.0,21.3,0,0,43,0,40,Low,0
2026-01-20,Tuesday,9,Kondapalli Fort,Andhra Pradesh,Fort,16.619,80.5397,25.3,9.6,1,0,55,0,72,High,0
2026-01-20,Tuesday,11,Kondapalli Fort,Andhra Pradesh,Fort,16.619,80.5397,31.9,32.3,1,0,55,0,86,Very High,0
2026-01-20,Tuesday,13,Kondapalli Fort,Andhra Pradesh,Fort,16.619,80.5397,28.3,23.0,1,0,55,0,66,Medium,0
2026-01-20,Tuesday,15,Kondapalli Fort,Andhra Pradesh,Fort,16.619,80.5397,25.6,25.9,1,0,55,0,58,Medium,1
2026-01-20,Tuesday,17,Kondapalli Fort,Andhra Pradesh,Fort,16.619,80.5397,29.8,13.2,1,0,55,0,75,High,0
2026-01-20,Tuesday,9,Borra Caves,Andhra Pradesh,Cave,18.28,83.05,29.1,5.5,1,0,38,0,62,Medium,0
2026-01-20,Tuesday,11,Borra Caves,Andhra Pradesh,Cave,18.28,83.05,33.5,20.9,1,0,38,0,76,High,0
2026-01-20,Tuesday,13,Borra Caves,Andhra Pradesh,Cave,18.28,83.05,35.0,5.4,1,0,38,0,46,Low,0
2026-01-20,Tuesday,15,Borra Caves,Andhra Pradesh,Cave,18.28,83.05,25.7,15.5,1,0,38,0,36,Low,1
2026-01-20,Tuesday,17,Borra Caves,Andhra Pradesh,Cave,18.28,83.05,28.8,21.2,1,0,38,0,54,Medium,0
2026-01-20,Tuesday,9,Araku Valley,Andhra Pradesh,Hill Station,18.3273,82.8775,29.6,12.1,1,0,35,0,63,Medium,0
2026-01-20,Tuesday,11,Araku Valley,Andhra Pradesh,Hill Station,18.3273,82.8775,26.0,23.7,1,0,35,0,61,Medium,0
2026-01-20,Tuesday,13,Araku Valley,Andhra Pradesh,Hill Station,18.3273,82.8775,29.8,7.7,1,0,35,0,39,Low,1
2026-01-20,Tuesday,15,Araku Valley,Andhra Pradesh,Hill Station,18.3273,82.8775,33.9,1.9,1,0,35,0,39,Low,1
2026-01-20,Tuesday,17,Araku Valley,Andhra Pradesh,Hill Station,18.3273,82.8775,31.9,26.7,1,0,35,0,71,High,0
2026-01-20,Tuesday,9,Undavalli Caves,Andhra Pradesh,Cave,16.4957,80.581,27.6,4.2,1,0,58,0,77,High,0
2026-01-20,Tuesday,11,Undavalli Caves,Andhra Pradesh,Cave,16.4957,80.581,26.2,18.6,1,0,58,0,91,Very High,0
2026-01-20,Tuesday,13,Undavalli Caves,Andhra Pradesh,Cave,16.4957,80.581,29.1,19.6,1,0,58,0,63,Medium,0
2026-01-20,Tuesday,15,Undavalli Caves,Andhra Pradesh,Cave,16.4957,80.581,28.6,26.0,1,0,58,0,53,Medium,1
2026-01-20,Tuesday,17,Undavalli Caves,Andhra Pradesh,Cave,16.4957,80.581,28.9,16.1,1,0,58,0,83,High,0
2026-01-20,Tuesday,9,Amaravati Stupa,Andhra Pradesh,Heritage,16.572,80.3575,28.9,14.2,1,0,43,0,71,High,0
2026-01-20,Tuesday,11,Amaravati Stupa,Andhra Pradesh,Heritage,16.572,80.3575,30.8,10.1,1,0,43,0,61,Medium,0
2026-01-20,Tuesday,13,Amaravati Stupa,Andhra Pradesh,Heritage,16.572,80.3575,28.5,33.2,1,0,43,0,61,Medium,0
2026-01-20,Tuesday,15,Amaravati Stupa,Andhra Pradesh,Heritage,16.572,80.3575,29.1,24.1,1,0,43,0,39,Low,1
2026-01-20,Tuesday,17,Amaravati Stupa,Andhra Pradesh,Heritage,16.572,80.3575,26.0,15.2,1,0,43,0,68,Medium,0
2026-01-21,Wednesday,9,Kondapalli Fort,Andhra Pradesh,Fort,16.619,80.5397,28.6,2.8,0,0,55,0,70,Medium,0
2026-01-21,Wednesday,11,Kondapalli Fort,Andhra Pradesh,Fort,16.619,80.5397,27.0,27.3,0,0,55,0,62,Medium,0
2026-01-21,Wednesday,13,Kondapalli Fort,Andhra Pradesh,Fort,16.619,80.5397,27.7,22.2,0,0,55,0,41,Low,0
2026-01-21,Wednesday,15,Kondapalli Fort,Andhra Pradesh,Fort,16.619,80.5397,32.0,12.3,0,0,55,0,37,Low,1
2026-01-21,Wednesday,17,Kondapalli Fort,Andhra Pradesh,Fort,16.619,80.5397,33.6,22.6,0,0,55,0,58,Medium,0
2026-01-21,Wednesday,9,Borra Caves,Andhra Pradesh,Cave,18.28,83.05,27.3,6.1,0,0,38,0,48,Low,0
2026-01-21,Wednesday,11,Borra Caves,Andhra Pradesh,Cave,18.28,83.05,26.4,26.6,0,0,38,0,68,Medium,0
2026-01-21,Wednesday,13,Borra Caves,Andhra Pradesh,Cave,18.28,83.05,32.7,16.2,0,0,38,0,35,Low,0
2026-01-21,Wednesday,15,Borra Caves,Andhra Pradesh,Cave,18.28,83.05,30.1,20.3,0,0,38,0,14,Very Low,1
2026-01-21,Wednesday,17,Borra Caves,Andhra Pradesh,Cave,18.28,83.05,30.8,34.5,0,0,38,0,27,Very Low,0
2026-01-21,Wednesday,9,Araku Valley,Andhra Pradesh,Hill Station,18.3273,82.8775,27.9,34.0,0,0,35,0,40,Low,0
2026-01-21,Wednesday,11,Araku Valley,Andhra Pradesh,Hill Station,18.3273,82.8775,29.2,22.1,0,0,35,0,56,Medium,0
2026-01-21,Wednesday,13,Araku Valley,Andhra Pradesh,Hill Station,18.3273,82.8775,34.2,20.7,0,0,35,0,24,Very Low,0
2026-01-21,Wednesday,15,Araku Valley,Andhra Pradesh,Hill Station,18.3273,82.8775,29.2,1.3,0,0,35,0,19,Very Low,1
2026-01-21,Wednesday,17,Araku Valley,Andhra Pradesh,Hill Station,18.3273,82.8775,28.3,10.0,0,0,35,0,26,Very Low,0
2026-01-21,Wednesday,9,Undavalli Caves,Andhra Pradesh,Cave,16.4957,80.581,25.8,20.8,0,0,58,0,51,Medium,0
2026-01-21,Wednesday,11,Undavalli Caves,Andhra Pradesh,Cave,16.4957,80.581,28.5,20.3,0,0,58,0,84,High,0
2026-01-21,Wednesday,13,Undavalli Caves,Andhra Pradesh,Cave,16.4957,80.581,27.4,31.8,0,0,58,0,45,Low,0
2026-01-21,Wednesday,15,Undavalli Caves,Andhra Pradesh,Cave,16.4957,80.581,30.1,6.6,0,0,58,0,34,Low,1
2026-01-21,Wednesday,17,Undavalli Caves,Andhra Pradesh,Cave,16.4957,80.581,33.6,15.8,0,0,58,0,55,Medium,0
2026-01-21,Wednesday,9,Amaravati Stupa,Andhra Pradesh,Heritage,16.572,80.3575,32.3,29.3,0,0,43,0,53,Medium,0
2026-01-21,Wednesday,11,Amaravati Stupa,Andhra Pradesh,Heritage,16.572,80.3575,30.8,1.4,0,0,43,0,58,Medium,0
2026-01-21,Wednesday,13,Amaravati Stupa,Andhra Pradesh,Heritage,16.572,80.3575,33.4,34.7,0,0,43,0,24,Very Low,1
2026-01-21,Wednesday,15,Amaravati Stupa,Andhra Pradesh,Heritage,16.572,80.3575,28.3,32.1,0,0,43,0,24,Very Low,1
2026-01-21,Wednesday,17,Amaravati Stupa,Andhra Pradesh,Heritage,16.572,80.3575,28.5,27.1,0,0,43,0,45,Low,0
2026-01-22,Thursday,9,Kondapalli Fort,Andhra Pradesh,Fort,16.619,80.5397,30.7,11.7,0,0,55,0,61,Medium,0
2026-01-22,Thursday,11,Kondapalli Fort,Andhra Pradesh,Fort,16.619,80.5397,28.0,19.5,0,0,55,0,66,Medium,0
2026-01-22,Thursday,13,Kondapalli Fort,Andhra Pradesh,Fort,16.619,80.5397,34.7,33.8,0,0,55,0,48,Low,0
2026-01-22,Thursday,15,Kondapalli Fort,Andhra Pradesh,Fort,16.619,80.5397,30.4,5.3,0,0,55,0,46,Low,1
2026-01-22,Thursday,17,Kondapalli Fort,Andhra Pradesh,Fort,16.619,80.5397,33.3,10.9,0,0,55,0,62,Medium,0
2026-01-22,Thursday,9,Borra Caves,Andhra Pradesh,Cave,18.28,83.05,30.9,23.2,0,0,38,0,53,Medium,0
2026-01-22,Thursday,11,Borra Caves,Andhra Pradesh,Cave,18.28,83.05,25.8,19.6,0,0,38,0,60,Medium,0
2026-01-22,Thursday,13,Borra Caves,Andhra Pradesh,Cave,18.28,83.05,32.8,11.5,0,0,38,0,35,Low,0
2026-01-22,Thursday,15,Borra Caves,Andhra Pradesh,Cave,18.28,83.05,33.5,34.9,0,0,38,0,27,Very Low,1
2026-01-22,Thursday,17,Borra Caves,Andhra Pradesh,Cave,18.28,83.05,33.2,3.3,0,0,38,0,37,Low,0
2026-01-22,Thursday,9,Araku Valley,Andhra Pradesh,Hill Station,18.3273,82.8775,25.2,10.8,0,0,35,0,36,Low,0
2026-01-22,Thursday,11,Araku Valley,Andhra Pradesh,Hill Station,18.3273,82.8775,33.6,12.0,0,0,35,0,50,Low,0
2026-01-22,Thursday,13,Araku Valley,Andhra Pradesh,Hill Station,18.3273,82.8775,36.0,5.4,0,0,35,0,21,Very Low,0
2026-01-22,Thursday,15,Araku Valley,Andhra Pradesh,Hill Station,18.3273,82.8775,27.7,27.6,0,0,35,0,9,Very Low,1
2026-01-22,Thursday,17,Araku Valley,Andhra Pradesh,Hill Station,18.3273,82.8775,31.6,18.4,0,0,35,0,37,Low,0
2026-01-22,Thursday,9,Undavalli Caves,Andhra Pradesh,Cave,16.4957,80.581,31.0,30.7,0,0,58,0,60,Medium,0
2026-01-22,Thursday,11,Undavalli Caves,Andhra Pradesh,Cave,16.4957,80.581,26.4,6.3,0,0,58,0,67,Medium,0
2026-01-22,Thursday,13,Undavalli Caves,Andhra Pradesh,Cave,16.4957,80.581,33.2,21.9,0,0,58,0,57,Medium,0
2026-01-22,Thursday,15,Undavalli Caves,Andhra Pradesh,Cave,16.4957,80.581,25.4,12.8,0,0,58,0,34,Low,1
2026-01-22,Thursday,17,Undavalli Caves,Andhra Pradesh,Cave,16.4957,80.581,31.5,33.9,0,0,58,0,52,Medium,0
2026-01-22,Thursday,9,Amaravati Stupa,Andhra Pradesh,Heritage,16.572,80.3575,32.1,8.2,0,0,43,0,44,Low,0
2026-01-22,Thursday,11,Amaravati Stupa,Andhra Pradesh,Heritage,16.572,80.3575,27.2,33.8,0,0,43,0,61,Medium,0
2026-01-22,Thursday,13,Amaravati Stupa,Andhra Pradesh,Heritage,16.572,80.3575,28.7,23.7,0,0,43,0,19,Very Low,1
2026-01-22,Thursday,15,Amaravati Stupa,Andhra Pradesh,Heritage,16.572,80.3575,30.1,15.4,0,0,43,0,26,Very Low,0
2026-01-22,Thursday,17,Amaravati Stupa,Andhra Pradesh,Heritage,16.572,80.3575,29.5,14.7,0,0,43,0,33,Low,0
2026-01-23,Friday,9,Kondapalli Fort,Andhra Pradesh,Fort,16.619,80.5397,26.5,7.0,0,0,55,0,52,Medium,0
2026-01-23,Friday,11,Kondapalli Fort,Andhra Pradesh,Fort,16.619,80.5397,25.5,16.8,0,0,55,0,62,Medium,0
2026-01-23,Friday,13,Kondapalli Fort,Andhra Pradesh,Fort,16.619,80.5397,30.3,32.7,0,0,55,0,43,Low,0
2026-01-23,Friday,15,Kondapalli Fort,Andhra Pradesh,Fort,16.619,80.5397,26.1,2.9,0,0,55,0,29,Very Low,1
2026-01-23,Friday,17,Kondapalli Fort,Andhra Pradesh,Fort,16.619,80.5397,26.4,15.7,0,0,55,0,44,Low,0
2026-01-23,Friday,9,Borra Caves,Andhra Pradesh,Cave,18.28,83.05,25.8,31.9,0,0,38,0,45,Low,0
2026-01-23,Friday,11,Borra Caves,Andhra Pradesh,Cave,18.28,83.05,32.4,31.0,0,0,38,0,59,Medium,0
2026-01-23,Friday,13,Borra Caves,Andhra Pradesh,Cave,18.28,83.05,30.6,13.1,0,0,38,0,25,Very Low,0
2026-01-23,Friday,15,Borra Caves,Andhra Pradesh,Cave,18.28,83.05,28.5,2.9,0,0,38,0,20,Very Low,1
2026-01-23,Friday,17,Borra Caves,Andhra Pradesh,Cave,18.28,83.05,25.9,25.0,0,0,38,0,46,Low,0
2026-01-23,Friday,9,Araku Valley,Andhra Pradesh,Hill Station,18.3273,82.8775,28.0,5.1,0,0,35,0,58,Medium,0
2026-01-23,Friday,11,Araku Valley,Andhra Pradesh,Hill Station,18.3273,82.8775,29.3,29.1,0,0,35,0,53,Medium,0
2026-01-23,Friday,13,Araku Valley,Andhra Pradesh,Hill Station,18.3273,82.8775,33.8,16.4,0,0,35,0,14,Very Low,0
2026-01-23,Friday,15,Araku Valley,Andhra Pradesh,Hill Station,18.3273,82.8775,25.2,7.5,0,0,35,0,7,Very Low,1
2026-01-23,Friday,17,Araku Valley,Andhra Pradesh,Hill Station,18.3273,82.8775,26.3,32.9,0,0,35,0,32,Low,0
2026-01-23,Friday,9,Undavalli Caves,Andhra Pradesh,Cave,16.4957,80.581,32.0,8.3,0,0,58,0,62,Medium,0
2026-01-23,Friday,11,Undavalli Caves,Andhra Pradesh,Cave,16.4957,80.581,26.1,8.3,0,0,58,0,67,Medium,0
2026-01-23,Friday,13,Undavalli Caves,Andhra Pradesh,Cave,16.4957,80.581,27.6,29.3,0,0,58,0,41,Low,0
2026-01-23,Friday,15,Undavalli Caves,Andhra Pradesh,Cave,16.4957,80.581,29.5,18.8,0,0,58,0,34,Low,1
2026-01-23,Friday,17,Undavalli Caves,Andhra Pradesh,Cave,16.4957,80.581,31.5,10.2,0,0,58,0,54,Medium,0
2026-01-23,Friday,9,Amaravati Stupa,Andhra Pradesh,Heritage,16.572,80.3575,25.0,12.3,0,0,43,0,47,Low,0
2026-01-23,Friday,11,Amaravati Stupa,Andhra Pradesh,Heritage,16.572,80.3575,31.0,18.3,0,0,43,0,57,Medium,0
2026-01-23,Friday,13,Amaravati Stupa,Andhra Pradesh,Heritage,16.572,80.3575,30.2,33.4,0,0,43,0,22,Very Low,1
2026-01-23,Friday,15,Amaravati Stupa,Andhra Pradesh,Heritage,16.572,80.3575,29.6,0.7,0,0,43,0,22,Very Low,1
2026-01-23,Friday,17,Amaravati Stupa,Andhra Pradesh,Heritage,16.572,80.3575,32.9,1.5,0,0,43,0,40,Low,0
2026-01-24,Saturday,9,Kondapalli Fort,Andhra Pradesh,Fort,16.619,80.5397,31.7,12.5,0,0,55,1,92,Very High,0
2026-01-24,Saturday,11,Kondapalli Fort,Andhra Pradesh,Fort,16.619,80.5397,25.6,8.4,0,0,55,1,94,Very High,0
2026-01-24,Saturday,13,Kondapalli Fort,Andhra Pradesh,Fort,16.619,80.5397,32.2,26.5,0,0,55,1,68,Medium,0
2026-01-24,Saturday,15,Kondapalli Fort,Andhra Pradesh,Fort,16.619,80.5397,26.2,12.3,0,0,55,1,57,Medium,1
2026-01-24,Saturday,17,Kondapalli Fort,Andhra Pradesh,Fort,16.619,80.5397,32.5,24.0,0,0,55,1,90,Very High,0
2026-01-24,Saturday,9,Borra Caves,Andhra Pradesh,Cave,18.28,83.05,33.8,16.7,0,0,38,1,72,High,0
2026-01-24,Saturday,11,Borra Caves,Andhra Pradesh,Cave,18.28,83.05,31.4,33.0,0,0,38,1,81,High,0
2026-01-24,Saturday,13,Borra Caves,Andhra Pradesh,Cave,18.28,83.05,27.3,7.1,0,0,38,1,56,Medium,0
2026-01-24,Saturday,15,Borra Caves,Andhra Pradesh,Cave,18.28,83.05,27.8,10.9,0,0,38,1,31,Low,1
2026-01-24,Saturday,17,Borra Caves,Andhra Pradesh,Cave,18.28,83.05,28.6,28.5,0,0,38,1,64,Medium,0
2026-01-24,Saturday,9,Araku Valley,Andhra Pradesh,Hill Station,18.3273,82.8775,30.8,10.0,0,0,35,1,68,Medium,0
2026-01-24,Saturday,11,Araku Valley,Andhra Pradesh,Hill Station,18.3273,82.8775,32.8,1.7,0,0,35,1,72,High,0
2026-01-24,Saturday,13,Araku Valley,Andhra Pradesh,Hill Station,18.3273,82.8775,34.2,15.3,0,0,35,1,46,Low,1
2026-01-24,Saturday,15,Araku Valley,Andhra Pradesh,Hill Station,18.3273,82.8775,28.6,15.4,0,0,35,1,48,Low,0
2026-01-24,Saturday,17,Araku Valley,Andhra Pradesh,Hill Station,18.3273,82.8775,26.7,24.2,0,0,35,1,61,Medium,0
2026-01-24,Saturday,9,Undavalli Caves,Andhra Pradesh,Cave,16.4957,80.581,28.3,27.9,0,0,58,1,91,Very High,0
2026-01-24,Saturday,11,Undavalli Caves,Andhra Pradesh,Cave,16.4957,80.581,28.8,15.1,0,0,58,1,100,Very High,0
2026-01-24,Saturday,13,Undavalli Caves,Andhra Pradesh,Cave,16.4957,80.581,36.0,6.3,0,0,58,1,73,High,0
2026-01-24,Saturday,15,Undavalli Caves,Andhra Pradesh,Cave,16.4957,80.581,28.0,10.3,0,0,58,1,68,Medium,1
2026-01-24,Saturday,17,Undavalli Caves,Andhra Pradesh,Cave,16.4957,80.581,29.0,25.1,0,0,58,1,88,Very High,0
2026-01-24,Saturday,9,Amaravati Stupa,Andhra Pradesh,Heritage,16.572,80.3575,29.0,25.4,0,0,43,1,82,High,0
2026-01-24,Saturday,11,Amaravati Stupa,Andhra Pradesh,Heritage,16.572,80.3575,33.2,21.5,0,0,43,1,74,High,0
2026-01-24,Saturday,13,Amaravati Stupa,Andhra Pradesh,Heritage,16.572,80.3575,34.1,2.0,0,0,43,1,61,Medium,0
2026-01-24,Saturday,15,Amaravati Stupa,Andhra Pradesh,Heritage,16.572,80.3575,31.0,14.2,0,0,43,1,39,Low,1
2026-01-24,Saturday,17,Amaravati Stupa,Andhra Pradesh,Heritage,16.572,80.3575,26.4,1.1,0,0,43,1,70,Medium,0
